0,0.098404,0.058586,0.039818,0.136005,0.058347,0.077658,0.105106,0.001049,0.104057,0.408476,0.004195,0.404281,
1,0.095562,0.055998,0.039564,0.134667,0.056441,0.078226,0.106034,0.001028,0.105006,0.407304,0.004088,0.403215,
2,0.040131,0.000855,0.039276,0.246371,0.177907,0.068464,0.116286,0.000948,0.115338,0.353518,0.003783,0.349735,
3,0.037945,0.000321,0.037624,0.296200,0.232832,0.063368,0.119052,0.000872,0.118180,0.332324,0.003522,0.328802,
4,0.040472,0.000766,0.039705,0.244782,0.177114,0.067668,0.115288,0.000925,0.114364,0.357418,0.003764,0.353654,
5,0.099998,0.060453,0.039545,0.138223,0.060336,0.077887,0.105106,0.001031,0.104075,0.406175,0.004063,0.402112,
6,0.213348,0.178676,0.034671,0.078067,0.000709,0.077358,0.091886,0.000950,0.090936,0.448946,0.003762,0.445184,
7,0.270454,0.238126,0.032328,0.073929,0.000327,0.073603,0.084926,0.000859,0.084067,0.462425,0.003554,0.458870,
8,0.216210,0.181498,0.034712,0.077564,0.000847,0.076717,0.091329,0.000936,0.090392,0.451308,0.003725,0.447583,
9,0.096228,0.056763,0.039465,0.137400,0.059174,0.078226,0.106026,0.000967,0.105058,0.404472,0.003798,0.400673,
10,0.039239,0.000330,0.038909,0.257605,0.190190,0.067415,0.116945,0.000857,0.116088,0.348777,0.003476,0.345301,
11,0.035596,0.000259,0.035336,0.357713,0.299596,0.058117,0.123105,0.000751,0.122354,0.302297,0.003003,0.299294,
12,0.033605,0.000224,0.033381,0.427720,0.376303,0.051416,0.126825,0.000678,0.126147,0.270697,0.002709,0.267988,
13,0.032802,0.000226,0.032576,0.459323,0.410273,0.049050,0.128363,0.000625,0.127738,0.254323,0.002544,0.251778,
14,0.033677,0.000234,0.033443,0.431450,0.380248,0.051202,0.126691,0.000665,0.126026,0.268334,0.002691,0.265643,
15,0.035371,0.000259,0.035113,0.356157,0.297404,0.058753,0.123310,0.000757,0.122554,0.301731,0.003009,0.298722,
16,0.039156,0.000376,0.038780,0.258758,0.191198,0.067560,0.117282,0.000862,0.116420,0.347283,0.003489,0.343794,
17,0.099240,0.059371,0.039869,0.138749,0.061410,0.077339,0.104947,0.000955,0.103993,0.407040,0.003794,0.403246,
18,0.226822,0.192491,0.034331,0.076716,0.000319,0.076396,0.089917,0.000871,0.089047,0.452570,0.003454,0.449116,
19,0.330838,0.301130,0.029708,0.069311,0.000267,0.069044,0.077754,0.000750,0.077004,0.479202,0.002983,0.476219,
20,0.404508,0.378276,0.026232,0.065605,0.000232,0.065373,0.069661,0.000659,0.069001,0.493718,0.002694,0.491025,
21,0.429604,0.404356,0.025248,0.064993,0.000227,0.064767,0.066554,0.000634,0.065920,0.496902,0.002544,0.494357,
22,0.403780,0.377399,0.026381,0.065715,0.000232,0.065484,0.069406,0.000671,0.068735,0.493506,0.002694,0.490812,
23,0.333616,0.304199,0.029418,0.069933,0.000266,0.069667,0.077715,0.000764,0.076951,0.476590,0.002972,0.473618,
24,0.224808,0.190716,0.034092,0.076725,0.000314,0.076411,0.090460,0.000875,0.089585,0.452063,0.003509,0.448554,
25,0.099236,0.059552,0.039684,0.136066,0.058394,0.077672,0.105124,0.001020,0.104105,0.407335,0.004143,0.403192,
26,0.038406,0.000326,0.038081,0.293368,0.229868,0.063501,0.118169,0.000881,0.117287,0.333524,0.003572,0.329953,
27,0.033679,0.000248,0.033431,0.428073,0.376538,0.051535,0.126684,0.000720,0.125964,0.269897,0.002875,0.267022,
28,0.030576,0.000198,0.030378,0.550615,0.509295,0.041320,0.132758,0.000576,0.132182,0.209450,0.002255,0.207195,
29,0.029573,0.000189,0.029384,0.610333,0.574965,0.035368,0.134804,0.000472,0.134332,0.184005,0.001948,0.182057,
30,0.028853,0.000175,0.028677,0.642761,0.610398,0.032363,0.136198,0.000450,0.135748,0.167744,0.001796,0.165949,
31,0.029450,0.000176,0.029274,0.612826,0.577563,0.035262,0.135031,0.000476,0.134555,0.181866,0.001930,0.179936,
32,0.030620,0.000198,0.030423,0.546722,0.505516,0.041206,0.132565,0.000588,0.131977,0.212674,0.002296,0.210378,
33,0.033694,0.000249,0.033445,0.428928,0.377483,0.051445,0.126524,0.000708,0.125815,0.269388,0.002894,0.266495,
34,0.038184,0.000328,0.037856,0.292522,0.228427,0.064095,0.118724,0.000889,0.117835,0.332293,0.003586,0.328707,
35,0.099264,0.059599,0.039665,0.137597,0.060237,0.077361,0.105121,0.001040,0.104081,0.407487,0.004103,0.403384,
36,0.255602,0.222876,0.032726,0.074753,0.000336,0.074417,0.087088,0.000889,0.086198,0.459081,0.003567,0.455514,
37,0.402755,0.376066,0.026689,0.065797,0.000244,0.065553,0.069317,0.000712,0.068605,0.493450,0.002863,0.490587,
38,0.519239,0.497956,0.021283,0.061056,0.000205,0.060851,0.056001,0.000574,0.055427,0.514892,0.002296,0.512596,
39,0.596175,0.578272,0.017903,0.058375,0.000181,0.058194,0.046991,0.000481,0.046510,0.526995,0.001929,0.525066,
40,0.626681,0.610162,0.016519,0.057378,0.000169,0.057209,0.043482,0.000451,0.043031,0.531876,0.001816,0.530060,
41,0.593115,0.574965,0.018150,0.058446,0.000180,0.058266,0.047129,0.000487,0.046643,0.527319,0.001938,0.525381,
42,0.520886,0.499610,0.021276,0.060921,0.000199,0.060722,0.055643,0.000586,0.055057,0.514604,0.002295,0.512309,
43,0.408779,0.382916,0.025863,0.066210,0.000253,0.065958,0.069323,0.000730,0.068593,0.491833,0.002889,0.488944,
44,0.256846,0.224175,0.032671,0.074639,0.000321,0.074317,0.086896,0.000900,0.085996,0.459272,0.003567,0.455705,
45,0.100220,0.060686,0.039534,0.139892,0.062902,0.076989,0.105029,0.000963,0.104065,0.406330,0.003861,0.402469,
46,0.036987,0.000300,0.036687,0.326057,0.265264,0.060793,0.120584,0.000810,0.119774,0.317741,0.003230,0.314511,
47,0.031668,0.000205,0.031464,0.505485,0.460463,0.045022,0.130462,0.000585,0.129877,0.231587,0.002326,0.229261,
48,0.028576,0.000156,0.028420,0.656224,0.624994,0.031230,0.136782,0.000420,0.136362,0.161826,0.001625,0.160202,
49,0.026963,0.000138,0.026825,0.767950,0.746993,0.020957,0.140258,0.000282,0.139977,0.109102,0.001113,0.107989,
50,0.026099,0.000129,0.025970,0.837910,0.823103,0.014808,0.142318,0.000191,0.142127,0.075832,0.000749,0.075083,
51,0.025552,0.000126,0.025426,0.863963,0.851532,0.012431,0.143331,0.000160,0.143171,0.063758,0.000651,0.063107,
52,0.026021,0.000119,0.025902,0.835736,0.820864,0.014872,0.142245,0.000205,0.142040,0.077668,0.000791,0.076877,
53,0.027098,0.000135,0.026963,0.763402,0.742068,0.021334,0.139926,0.000279,0.139646,0.111833,0.001135,0.110698,
54,0.028726,0.000159,0.028566,0.653246,0.621860,0.031386,0.136276,0.000418,0.135857,0.163274,0.001638,0.161636,
55,0.031877,0.000216,0.031661,0.498643,0.453300,0.045344,0.130065,0.000585,0.129481,0.236164,0.002382,0.233782,
56,0.036995,0.000305,0.036690,0.321152,0.259668,0.061484,0.120646,0.000803,0.119844,0.319313,0.003237,0.316076,
57,0.100206,0.060932,0.039274,0.139928,0.062634,0.077294,0.105438,0.000963,0.104475,0.405635,0.003859,0.401776,
58,0.292975,0.261683,0.031293,0.072026,0.000284,0.071742,0.082270,0.000807,0.081463,0.468650,0.003223,0.465427,
59,0.479684,0.456657,0.023026,0.062550,0.000211,0.062338,0.060626,0.000593,0.060033,0.507748,0.002368,0.505380,
60,0.633178,0.617159,0.016019,0.057390,0.000159,0.057232,0.042938,0.000426,0.042512,0.531580,0.001675,0.529905,
61,0.754922,0.744083,0.010839,0.054100,0.000135,0.053964,0.028472,0.000268,0.028204,0.548889,0.001121,0.547769,
62,0.830492,0.823103,0.007389,0.052535,0.000126,0.052409,0.019867,0.000192,0.019674,0.556988,0.000760,0.556228,
63,0.854204,0.847726,0.006478,0.052072,0.000122,0.051950,0.016963,0.000161,0.016802,0.560339,0.000644,0.559695,
64,0.830544,0.823103,0.007441,0.052567,0.000125,0.052442,0.019763,0.000192,0.019570,0.557022,0.000765,0.556257,
65,0.758349,0.747665,0.010684,0.053981,0.000132,0.053849,0.028025,0.000276,0.027749,0.549181,0.001120,0.548061,
66,0.635172,0.618950,0.016223,0.057244,0.000165,0.057079,0.042306,0.000426,0.041881,0.532475,0.001662,0.530813,
67,0.479903,0.457105,0.022798,0.062836,0.000213,0.062623,0.060959,0.000591,0.060368,0.506184,0.002391,0.503793,
68,0.292947,0.261683,0.031265,0.072161,0.000295,0.071867,0.082349,0.000812,0.081538,0.468066,0.003246,0.464820,
69,0.110813,0.072304,0.038509,0.149141,0.073759,0.075382,0.104393,0.000945,0.103448,0.403096,0.003761,0.399335,
70,0.034526,0.000257,0.034269,0.407199,0.353462,0.053737,0.124977,0.000707,0.124270,0.278068,0.002838,0.275230,
71,0.028648,0.000153,0.028494,0.655559,0.624098,0.031460,0.136421,0.000413,0.136008,0.160821,0.001629,0.159193,
72,0.025595,0.000115,0.025480,0.861270,0.848622,0.012648,0.143074,0.000173,0.142901,0.063975,0.000638,0.063337,
73,0.023921,0.000098,0.023824,0.916478,0.906823,0.009655,0.147066,0.000047,0.147019,0.015724,0.000149,0.015575,
74,0.023098,0.000093,0.023006,0.867386,0.850636,0.016750,0.148890,0.000035,0.148855,0.007328,0.000044,0.007284,
75,0.022872,0.000090,0.022782,0.837862,0.817059,0.020803,0.149609,0.000038,0.149571,0.007531,0.000040,0.007491,
76,0.023090,0.000091,0.022999,0.868718,0.851979,0.016739,0.148923,0.000037,0.148887,0.006665,0.000036,0.006629,
77,0.023950,0.000100,0.023851,0.917448,0.907942,0.009506,0.146818,0.000048,0.146770,0.015899,0.000147,0.015753,
78,0.025728,0.000119,0.025609,0.856217,0.843025,0.013192,0.142818,0.000162,0.142656,0.065852,0.000652,0.065199,
79,0.028875,0.000169,0.028705,0.650388,0.618726,0.031662,0.136037,0.000424,0.135613,0.164338,0.001661,0.162676,
80,0.034189,0.000249,0.033940,0.405676,0.351671,0.054005,0.125440,0.000713,0.124727,0.277844,0.002821,0.275023,
81,0.109418,0.070961,0.038457,0.146914,0.071118,0.075796,0.104781,0.000952,0.103829,0.403145,0.003774,0.399371,
82,0.376589,0.349209,0.027380,0.067710,0.000254,0.067456,0.072782,0.000714,0.072068,0.484949,0.002825,0.482124,
83,0.634230,0.618054,0.016175,0.057351,0.000155,0.057196,0.042553,0.000422,0.042131,0.531466,0.001639,0.529827,
84,0.851898,0.843697,0.008201,0.051962,0.000122,0.051841,0.017415,0.000170,0.017245,0.559530,0.000654,0.558876,
85,0.935049,0.907271,0.027778,0.048995,0.000098,0.048897,0.008610,0.000047,0.008563,0.576139,0.000142,0.575997,
86,0.914394,0.851308,0.063087,0.047665,0.000092,0.047573,0.012443,0.000033,0.012410,0.584102,0.000039,0.584063,
87,0.896089,0.817506,0.078583,0.047179,0.000087,0.047092,0.015186,0.000040,0.015146,0.587621,0.000035,0.587586,
88,0.914587,0.850189,0.064398,0.047507,0.000091,0.047415,0.012306,0.000035,0.012271,0.585374,0.000040,0.585334,
89,0.938101,0.910852,0.027249,0.048923,0.000098,0.048825,0.008165,0.000044,0.008121,0.576862,0.000152,0.576710,
90,0.851269,0.843249,0.008020,0.052087,0.000113,0.051974,0.017291,0.000168,0.017123,0.559201,0.000672,0.558529,
91,0.635456,0.619398,0.016059,0.057496,0.000161,0.057336,0.042412,0.000399,0.042013,0.530909,0.001641,0.529268,
92,0.375290,0.347865,0.027424,0.067444,0.000255,0.067190,0.072949,0.000705,0.072244,0.485347,0.002850,0.482497,
93,0.123108,0.085709,0.037399,0.161666,0.088505,0.073161,0.103894,0.000808,0.103086,0.399613,0.003185,0.396428,
94,0.031565,0.000175,0.031389,0.526446,0.483665,0.042781,0.130384,0.000494,0.129890,0.222740,0.001984,0.220756,
95,0.025589,0.000112,0.025476,0.851317,0.837211,0.014106,0.142747,0.000143,0.142604,0.063238,0.000558,0.062679,
96,0.022754,0.000085,0.022669,0.805399,0.780714,0.024685,0.149439,0.000043,0.149396,0.010419,0.000054,0.010365,
97,0.021173,0.000071,0.021102,0.578058,0.525201,0.052857,0.153279,0.000080,0.153199,0.020199,0.000078,0.020121,
98,0.020547,0.000062,0.020485,0.434824,0.362995,0.071829,0.154867,0.000101,0.154766,0.026610,0.000104,0.026506,
99,0.020367,0.000064,0.020303,0.391033,0.313585,0.077448,0.155385,0.000108,0.155277,0.028711,0.000102,0.028609,
100,0.020494,0.000060,0.020435,0.436482,0.365357,0.071125,0.155013,0.000100,0.154913,0.026745,0.000098,0.026647,
101,0.021214,0.000068,0.021147,0.577755,0.524216,0.053539,0.153262,0.000079,0.153183,0.019919,0.000083,0.019836,
102,0.022685,0.000078,0.022607,0.801476,0.776384,0.025092,0.149559,0.000045,0.149514,0.010713,0.000052,0.010661,
103,0.025548,0.000108,0.025440,0.852980,0.839179,0.013800,0.142977,0.000140,0.142837,0.062835,0.000562,0.062273,
104,0.031468,0.000181,0.031287,0.522697,0.479137,0.043560,0.130543,0.000497,0.130046,0.222447,0.001984,0.220463,
105,0.124381,0.086871,0.037510,0.160657,0.087402,0.073255,0.103337,0.000803,0.102534,0.399869,0.003167,0.396702,
106,0.504078,0.482287,0.021791,0.062124,0.000182,0.061942,0.057874,0.000485,0.057389,0.508433,0.001969,0.506464,
107,0.848327,0.834652,0.013675,0.051784,0.000099,0.051685,0.017978,0.000144,0.017834,0.559061,0.000543,0.558518,
108,0.876987,0.783864,0.093123,0.046588,0.000078,0.046510,0.017690,0.000041,0.017649,0.588948,0.000051,0.588896,
109,0.730466,0.523823,0.206643,0.044320,0.000068,0.044252,0.039301,0.000082,0.039219,0.602743,0.000081,0.602662,
110,0.640082,0.363389,0.276694,0.043132,0.000061,0.043071,0.052323,0.000105,0.052218,0.610733,0.000105,0.610628,
111,0.611230,0.314176,0.297054,0.042900,0.000061,0.042840,0.056623,0.000112,0.056510,0.612343,0.000110,0.612233,
112,0.639476,0.364766,0.274709,0.043043,0.000065,0.042978,0.052601,0.000107,0.052494,0.610742,0.000101,0.610640,
113,0.736524,0.534846,0.201678,0.044339,0.000067,0.044271,0.038155,0.000077,0.038077,0.603066,0.000078,0.602987,
114,0.876026,0.781699,0.094327,0.046774,0.000075,0.046699,0.017817,0.000041,0.017776,0.588408,0.000054,0.588353,
115,0.849305,0.835242,0.014063,0.051923,0.000109,0.051813,0.017959,0.000147,0.017812,0.560138,0.000568,0.559570,
116,0.498318,0.476185,0.022133,0.062292,0.000180,0.062112,0.058243,0.000494,0.057749,0.506665,0.001996,0.504669,
117,0.189650,0.157359,0.032290,0.221855,0.158367,0.063487,0.098790,0.000768,0.098022,0.382691,0.003038,0.379653,
118,0.024374,0.000107,0.024267,0.770699,0.745155,0.025544,0.145338,0.000149,0.145189,0.051408,0.000484,0.050924,
119,0.019712,0.000063,0.019649,0.298845,0.215547,0.083298,0.156454,0.000142,0.156311,0.035243,0.000145,0.035098,
120,0.018375,0.000053,0.018322,0.103744,0.011927,0.091817,0.159945,0.000198,0.159747,0.051091,0.000199,0.050891,
121,0.018011,0.000051,0.017960,0.087447,0.000578,0.086869,0.160901,0.000206,0.160695,0.054969,0.000213,0.054756,
122,0.018373,0.000056,0.018317,0.102967,0.011063,0.091904,0.159952,0.000200,0.159753,0.051241,0.000200,0.051041,
123,0.019817,0.000061,0.019756,0.301798,0.219382,0.082416,0.156124,0.000141,0.155983,0.035409,0.000141,0.035268,
124,0.024346,0.000101,0.024245,0.769949,0.744497,0.025451,0.145338,0.000146,0.145191,0.051256,0.000465,0.050791,
125,0.192721,0.160712,0.032009,0.224414,0.161019,0.063395,0.099023,0.000771,0.098251,0.380863,0.003081,0.377782,
126,0.814090,0.744497,0.069593,0.049777,0.000102,0.049674,0.024036,0.000146,0.023890,0.570349,0.000486,0.569864,
127,0.542041,0.223766,0.318276,0.041881,0.000066,0.041814,0.067653,0.000141,0.067512,0.615899,0.000145,0.615754,
128,0.362527,0.012109,0.350418,0.039375,0.000055,0.039320,0.098591,0.000193,0.098398,0.632391,0.000195,0.632196,
129,0.328376,0.000597,0.327780,0.038686,0.000050,0.038635,0.106234,0.000211,0.106024,0.636412,0.000206,0.636206,
130,0.361288,0.009972,0.351316,0.039448,0.000056,0.039392,0.098811,0.000205,0.098606,0.632199,0.000195,0.632004,
131,0.535137,0.215306,0.319831,0.041745,0.000067,0.041678,0.068773,0.000148,0.068625,0.616832,0.000147,0.616685,
132,0.808652,0.736169,0.072483,0.049936,0.000103,0.049833,0.024509,0.000152,0.024357,0.569929,0.000490,0.569438,
133,0.309199,0.259376,0.049823,0.309662,0.260603,0.049059,0.093195,0.000503,0.092691,0.336878,0.001812,0.335066,
134,0.018245,0.000240,0.018006,0.179221,0.106170,0.073050,0.159004,0.000172,0.158832,0.052083,0.000162,0.051921,
135,0.016103,0.000130,0.015973,0.061507,0.000622,0.060885,0.164777,0.000205,0.164572,0.071079,0.000196,0.070882,
136,0.015640,0.000079,0.015561,0.057783,0.000551,0.057232,0.166304,0.000217,0.166087,0.074124,0.000210,0.073914,
137,0.016028,0.000084,0.015943,0.061432,0.000577,0.060855,0.164746,0.000201,0.164544,0.071243,0.000201,0.071041,
138,0.018057,0.000093,0.017964,0.180519,0.107872,0.072647,0.159482,0.000164,0.159318,0.052138,0.000164,0.051973,
139,0.314648,0.265163,0.049485,0.311339,0.262532,0.048807,0.092752,0.000495,0.092258,0.336807,0.001796,0.335011,
140,0.380451,0.105627,0.274824,0.038727,0.000044,0.038683,0.101469,0.000164,0.101305,0.630713,0.000169,0.630544,
141,0.223018,0.000667,0.222351,0.035307,0.000084,0.035223,0.138522,0.000207,0.138315,0.652549,0.000207,0.652342,
142,0.208010,0.000606,0.207404,0.034628,0.000136,0.034492,0.144867,0.000213,0.144654,0.658328,0.000219,0.658108,
143,0.222245,0.000725,0.221520,0.035296,0.000231,0.035065,0.138914,0.000209,0.138704,0.652823,0.000197,0.652626,
144,0.380993,0.104873,0.276120,0.039055,0.000144,0.038911,0.100807,0.000161,0.100646,0.628533,0.000162,0.628371,
